,cluster,normalized UPN Count,normalized IP Count,normalized delete,normalized deleted,normalized email,normalized failed,normalized folder,normalized from,normalized items,normalized log,normalized messages,normalized on,normalized suspicious,UPN Count,vulnerability_score
0,0,0.7984535145854603,0.9521663821928479,0.4556258736165678,0.4556258736165678,-0.04583492485141057,-0.45226701686664544,0.4556258736165678,0.4556258736165678,0.4556258736165678,-0.45226701686664544,0.4556258736165678,-0.45226701686664544,-0.04583492485141057,19.0,94
1,0,1.893854011033345,-0.9702186250129233,0.4556258736165678,0.4556258736165678,-0.04583492485141057,-0.45226701686664544,0.4556258736165678,0.4556258736165678,0.4556258736165678,-0.45226701686664544,0.4556258736165678,-0.45226701686664544,-0.04583492485141057,32.0,98
2,0,1.893854011033345,-0.5152162564435101,0.4556258736165678,0.4556258736165678,-0.04583492485141057,-0.45226701686664544,0.4556258736165678,0.4556258736165678,0.4556258736165678,-0.45226701686664544,0.4556258736165678,-0.45226701686664544,-0.04583492485141057,32.0,97
3,0,2.483685047582206,0.9521663821928479,0.4556258736165678,0.4556258736165678,-0.04583492485141057,-0.45226701686664544,0.4556258736165678,0.4556258736165678,0.4556258736165678,-0.45226701686664544,0.4556258736165678,-0.45226701686664544,-0.04583492485141057,39.0,99
4,1,-0.7182548651116109,-1.7209725331524552,-2.1947831716895654,-2.1947831716895654,-0.04583492485141057,2.211083193570267,-2.1947831716895654,-2.1947831716895654,-2.1947831716895654,2.211083193570267,-2.1947831716895654,2.211083193570267,-0.04583492485141057,1.0,12
5,1,-0.7182548651116109,-1.70959747393822,-2.1947831716895654,-2.1947831716895654,-0.04583492485141057,2.211083193570267,-2.1947831716895654,-2.1947831716895654,-2.1947831716895654,2.211083193570267,-2.1947831716895654,2.211083193570267,-0.04583492485141057,1.0,11
6,1,-0.7182548651116109,-1.6640972370812788,-2.1947831716895654,-2.1947831716895654,-0.04583492485141057,2.211083193570267,-2.1947831716895654,-2.1947831716895654,-2.1947831716895654,2.211083193570267,-2.1947831716895654,2.211083193570267,-0.04583492485141057,1.0,10
7,1,-0.7182548651116109,-1.6527221778670433,-2.1947831716895654,-2.1947831716895654,-0.04583492485141057,2.211083193570267,-2.1947831716895654,-2.1947831716895654,-2.1947831716895654,2.211083193570267,-2.1947831716895654,2.211083193570267,-0.04583492485141057,1.0,13
8,1,-0.7182548651116109,-1.573096763367396,-2.1947831716895654,-2.1947831716895654,-0.04583492485141057,2.211083193570267,-2.1947831716895654,-2.1947831716895654,-2.1947831716895654,2.211083193570267,-2.1947831716895654,2.211083193570267,-0.04583492485141057,1.0,8
9,1,-0.7182548651116109,-0.5152162564435101,-2.1947831716895654,-2.1947831716895654,-0.04583492485141057,2.211083193570267,-2.1947831716895654,-2.1947831716895654,-2.1947831716895654,2.211083193570267,-2.1947831716895654,2.211083193570267,-0.04583492485141057,1.0,7
10,1,-0.7182548651116109,0.9521663821928479,-2.1947831716895654,-2.1947831716895654,-0.04583492485141057,2.211083193570267,-2.1947831716895654,-2.1947831716895654,-2.1947831716895654,2.211083193570267,-2.1947831716895654,2.211083193570267,-0.04583492485141057,1.0,9
11,1,-0.6339932884617736,-1.7323475923666907,-2.1947831716895654,-2.1947831716895654,-0.04583492485141057,2.211083193570267,-2.1947831716895654,-2.1947831716895654,-2.1947831716895654,2.211083193570267,-2.1947831716895654,2.211083193570267,-0.04583492485141057,2.0,23
12,1,-0.6339932884617736,-1.6640972370812788,-2.1947831716895654,-2.1947831716895654,-0.04583492485141057,2.211083193570267,-2.1947831716895654,-2.1947831716895654,-2.1947831716895654,2.211083193570267,-2.1947831716895654,2.211083193570267,-0.04583492485141057,2.0,24
13,1,-0.6339932884617736,-1.6527221778670433,-2.1947831716895654,-2.1947831716895654,-0.04583492485141057,2.211083193570267,-2.1947831716895654,-2.1947831716895654,-2.1947831716895654,2.211083193570267,-2.1947831716895654,2.211083193570267,-0.04583492485141057,2.0,25
14,1,-0.6339932884617736,-1.5503466449389254,-2.1947831716895654,-2.1947831716895654,-0.04583492485141057,2.211083193570267,-2.1947831716895654,-2.1947831716895654,-2.1947831716895654,2.211083193570267,-2.1947831716895654,2.211083193570267,-0.04583492485141057,2.0,26
15,1,-0.6339932884617736,-0.9702186250129233,-2.1947831716895654,-2.1947831716895654,-0.04583492485141057,2.211083193570267,-2.1947831716895654,-2.1947831716895654,-2.1947831716895654,2.211083193570267,-2.1947831716895654,2.211083193570267,-0.04583492485141057,2.0,27
16,1,-0.6339932884617736,-0.5152162564435101,-2.1947831716895654,-2.1947831716895654,-0.04583492485141057,2.211083193570267,-2.1947831716895654,-2.1947831716895654,-2.1947831716895654,2.211083193570267,-2.1947831716895654,2.211083193570267,-0.04583492485141057,2.0,28
17,1,-0.6339932884617736,0.9521663821928479,-2.1947831716895654,-2.1947831716895654,-0.04583492485141057,2.211083193570267,-2.1947831716895654,-2.1947831716895654,-2.1947831716895654,2.211083193570267,-2.1947831716895654,2.211083193570267,-0.04583492485141057,2.0,29
18,1,-0.5497317118119363,-1.6982224147239846,-2.1947831716895654,-2.1947831716895654,-0.04583492485141057,2.211083193570267,-2.1947831716895654,-2.1947831716895654,-2.1947831716895654,2.211083193570267,-2.1947831716895654,2.211083193570267,-0.04583492485141057,3.0,36
19,1,-0.5497317118119363,-1.6640972370812788,-2.1947831716895654,-2.1947831716895654,-0.04583492485141057,2.211083193570267,-2.1947831716895654,-2.1947831716895654,-2.1947831716895654,2.211083193570267,-2.1947831716895654,2.211083193570267,-0.04583492485141057,3.0,37
20,1,-0.5497317118119363,-1.6527221778670433,-2.1947831716895654,-2.1947831716895654,-0.04583492485141057,2.211083193570267,-2.1947831716895654,-2.1947831716895654,-2.1947831716895654,2.211083193570267,-2.1947831716895654,2.211083193570267,-0.04583492485141057,3.0,38
21,1,-0.5497317118119363,-0.5152162564435101,-2.1947831716895654,-2.1947831716895654,-0.04583492485141057,2.211083193570267,-2.1947831716895654,-2.1947831716895654,-2.1947831716895654,2.211083193570267,-2.1947831716895654,2.211083193570267,-0.04583492485141057,3.0,35
22,1,-0.5497317118119363,0.9521663821928479,-2.1947831716895654,-2.1947831716895654,-0.04583492485141057,2.211083193570267,-2.1947831716895654,-2.1947831716895654,-2.1947831716895654,2.211083193570267,-2.1947831716895654,2.211083193570267,-0.04583492485141057,3.0,39
23,1,-0.465470135162099,-1.7323475923666907,-2.1947831716895654,-2.1947831716895654,-0.04583492485141057,2.211083193570267,-2.1947831716895654,-2.1947831716895654,-2.1947831716895654,2.211083193570267,-2.1947831716895654,2.211083193570267,-0.04583492485141057,4.0,40
24,1,-0.465470135162099,-1.6527221778670433,-2.1947831716895654,-2.1947831716895654,-0.04583492485141057,2.211083193570267,-2.1947831716895654,-2.1947831716895654,-2.1947831716895654,2.211083193570267,-2.1947831716895654,2.211083193570267,-0.04583492485141057,4.0,42
25,1,-0.465470135162099,-0.9702186250129233,-2.1947831716895654,-2.1947831716895654,-0.04583492485141057,2.211083193570267,-2.1947831716895654,-2.1947831716895654,-2.1947831716895654,2.211083193570267,-2.1947831716895654,2.211083193570267,-0.04583492485141057,4.0,49
26,1,-0.465470135162099,-0.5152162564435101,-2.1947831716895654,-2.1947831716895654,-0.04583492485141057,2.211083193570267,-2.1947831716895654,-2.1947831716895654,-2.1947831716895654,2.211083193570267,-2.1947831716895654,2.211083193570267,-0.04583492485141057,4.0,45
27,1,-0.465470135162099,0.9521663821928479,-2.1947831716895654,-2.1947831716895654,-0.04583492485141057,2.211083193570267,-2.1947831716895654,-2.1947831716895654,-2.1947831716895654,2.211083193570267,-2.1947831716895654,2.211083193570267,-0.04583492485141057,4.0,41
28,1,-0.3812085585122617,-1.7323475923666907,-2.1947831716895654,-2.1947831716895654,-0.04583492485141057,2.211083193570267,-2.1947831716895654,-2.1947831716895654,-2.1947831716895654,2.211083193570267,-2.1947831716895654,2.211083193570267,-0.04583492485141057,5.0,57
29,1,-0.3812085585122617,-1.7209725331524552,-2.1947831716895654,-2.1947831716895654,-0.04583492485141057,2.211083193570267,-2.1947831716895654,-2.1947831716895654,-2.1947831716895654,2.211083193570267,-2.1947831716895654,2.211083193570267,-0.04583492485141057,5.0,56
30,1,-0.3812085585122617,-0.9702186250129233,-2.1947831716895654,-2.1947831716895654,-0.04583492485141057,2.211083193570267,-2.1947831716895654,-2.1947831716895654,-2.1947831716895654,2.211083193570267,-2.1947831716895654,2.211083193570267,-0.04583492485141057,5.0,55
31,1,-0.3812085585122617,-0.5152162564435101,-2.1947831716895654,-2.1947831716895654,-0.04583492485141057,2.211083193570267,-2.1947831716895654,-2.1947831716895654,-2.1947831716895654,2.211083193570267,-2.1947831716895654,2.211083193570267,-0.04583492485141057,5.0,54
32,1,-0.3812085585122617,0.9521663821928479,-2.1947831716895654,-2.1947831716895654,-0.04583492485141057,2.211083193570267,-2.1947831716895654,-2.1947831716895654,-2.1947831716895654,2.211083193570267,-2.1947831716895654,2.211083193570267,-0.04583492485141057,5.0,53
33,1,-0.2969469818624244,-1.7323475923666907,-2.1947831716895654,-2.1947831716895654,-0.04583492485141057,2.211083193570267,-2.1947831716895654,-2.1947831716895654,-2.1947831716895654,2.211083193570267,-2.1947831716895654,2.211083193570267,-0.04583492485141057,6.0,66
34,1,-0.2969469818624244,-1.6640972370812788,-2.1947831716895654,-2.1947831716895654,-0.04583492485141057,2.211083193570267,-2.1947831716895654,-2.1947831716895654,-2.1947831716895654,2.211083193570267,-2.1947831716895654,2.211083193570267,-0.04583492485141057,6.0,67
35,1,-0.2969469818624244,-1.6527221778670433,-2.1947831716895654,-2.1947831716895654,-0.04583492485141057,2.211083193570267,-2.1947831716895654,-2.1947831716895654,-2.1947831716895654,2.211083193570267,-2.1947831716895654,2.211083193570267,-0.04583492485141057,6.0,68
36,1,-0.2969469818624244,-1.5503466449389254,-2.1947831716895654,-2.1947831716895654,-0.04583492485141057,2.211083193570267,-2.1947831716895654,-2.1947831716895654,-2.1947831716895654,2.211083193570267,-2.1947831716895654,2.211083193570267,-0.04583492485141057,6.0,69
37,1,-0.2969469818624244,-0.9702186250129233,-2.1947831716895654,-2.1947831716895654,-0.04583492485141057,2.211083193570267,-2.1947831716895654,-2.1947831716895654,-2.1947831716895654,2.211083193570267,-2.1947831716895654,2.211083193570267,-0.04583492485141057,6.0,70
38,1,-0.2969469818624244,-0.5152162564435101,-2.1947831716895654,-2.1947831716895654,-0.04583492485141057,2.211083193570267,-2.1947831716895654,-2.1947831716895654,-2.1947831716895654,2.211083193570267,-2.1947831716895654,2.211083193570267,-0.04583492485141057,6.0,62
39,1,-0.2969469818624244,0.9521663821928479,-2.1947831716895654,-2.1947831716895654,-0.04583492485141057,2.211083193570267,-2.1947831716895654,-2.1947831716895654,-2.1947831716895654,2.211083193570267,-2.1947831716895654,2.211083193570267,-0.04583492485141057,6.0,65
40,1,-0.21268540521258714,-1.6640972370812788,-2.1947831716895654,-2.1947831716895654,-0.04583492485141057,2.211083193570267,-2.1947831716895654,-2.1947831716895654,-2.1947831716895654,2.211083193570267,-2.1947831716895654,2.211083193570267,-0.04583492485141057,7.0,76
41,1,-0.21268540521258714,-0.5152162564435101,-2.1947831716895654,-2.1947831716895654,-0.04583492485141057,2.211083193570267,-2.1947831716895654,-2.1947831716895654,-2.1947831716895654,2.211083193570267,-2.1947831716895654,2.211083193570267,-0.04583492485141057,7.0,71
42,1,-0.12842382856274984,-0.9702186250129233,-2.1947831716895654,-2.1947831716895654,-0.04583492485141057,2.211083193570267,-2.1947831716895654,-2.1947831716895654,-2.1947831716895654,2.211083193570267,-2.1947831716895654,2.211083193570267,-0.04583492485141057,8.0,81
43,1,-0.12842382856274984,-0.5152162564435101,-2.1947831716895654,-2.1947831716895654,-0.04583492485141057,2.211083193570267,-2.1947831716895654,-2.1947831716895654,-2.1947831716895654,2.211083193570267,-2.1947831716895654,2.211083193570267,-0.04583492485141057,8.0,79
44,1,0.2928840546864366,-0.5152162564435101,-2.1947831716895654,-2.1947831716895654,-0.04583492485141057,2.211083193570267,-2.1947831716895654,-2.1947831716895654,-2.1947831716895654,2.211083193570267,-2.1947831716895654,2.211083193570267,-0.04583492485141057,13.0,87
45,1,1.893854011033345,0.9521663821928479,-2.1947831716895654,-2.1947831716895654,-0.04583492485141057,2.211083193570267,-2.1947831716895654,-2.1947831716895654,-2.1947831716895654,2.211083193570267,-2.1947831716895654,2.211083193570267,-0.04583492485141057,32.0,96
46,1,2.483685047582206,-1.6527221778670433,-2.1947831716895654,-2.1947831716895654,-0.04583492485141057,2.211083193570267,-2.1947831716895654,-2.1947831716895654,-2.1947831716895654,2.211083193570267,-2.1947831716895654,2.211083193570267,-0.04583492485141057,39.0,100
47,2,-0.7182548651116109,-1.7323475923666907,0.4556258736165678,0.4556258736165678,-0.04583492485141057,-0.45226701686664544,0.4556258736165678,0.4556258736165678,0.4556258736165678,-0.45226701686664544,0.4556258736165678,-0.45226701686664544,-0.04583492485141057,1.0,14
48,2,-0.7182548651116109,-1.70959747393822,0.4556258736165678,0.4556258736165678,-0.04583492485141057,-0.45226701686664544,0.4556258736165678,0.4556258736165678,0.4556258736165678,-0.45226701686664544,0.4556258736165678,-0.45226701686664544,-0.04583492485141057,1.0,6
49,2,-0.7182548651116109,-1.573096763367396,0.4556258736165678,0.4556258736165678,-0.04583492485141057,-0.45226701686664544,0.4556258736165678,0.4556258736165678,0.4556258736165678,-0.45226701686664544,0.4556258736165678,-0.45226701686664544,-0.04583492485141057,1.0,1
50,2,-0.7182548651116109,-1.5503466449389254,0.4556258736165678,0.4556258736165678,-0.04583492485141057,-0.45226701686664544,0.4556258736165678,0.4556258736165678,0.4556258736165678,-0.45226701686664544,0.4556258736165678,-0.45226701686664544,-0.04583492485141057,1.0,2
51,2,-0.7182548651116109,-0.9702186250129233,0.4556258736165678,0.4556258736165678,-0.04583492485141057,-0.45226701686664544,0.4556258736165678,0.4556258736165678,0.4556258736165678,-0.45226701686664544,0.4556258736165678,-0.45226701686664544,-0.04583492485141057,1.0,3
52,2,-0.7182548651116109,-0.5152162564435101,0.4556258736165678,0.4556258736165678,-0.04583492485141057,-0.45226701686664544,0.4556258736165678,0.4556258736165678,0.4556258736165678,-0.45226701686664544,0.4556258736165678,-0.45226701686664544,-0.04583492485141057,1.0,4
53,2,-0.7182548651116109,0.9521663821928479,0.4556258736165678,0.4556258736165678,-0.04583492485141057,-0.45226701686664544,0.4556258736165678,0.4556258736165678,0.4556258736165678,-0.45226701686664544,0.4556258736165678,-0.45226701686664544,-0.04583492485141057,1.0,5
54,2,-0.6339932884617736,-1.7323475923666907,0.4556258736165678,0.4556258736165678,-0.04583492485141057,-0.45226701686664544,0.4556258736165678,0.4556258736165678,0.4556258736165678,-0.45226701686664544,0.4556258736165678,-0.45226701686664544,-0.04583492485141057,2.0,18
55,2,-0.6339932884617736,-1.6982224147239846,0.4556258736165678,0.4556258736165678,-0.04583492485141057,-0.45226701686664544,0.4556258736165678,0.4556258736165678,0.4556258736165678,-0.45226701686664544,0.4556258736165678,-0.45226701686664544,-0.04583492485141057,2.0,17
56,2,-0.6339932884617736,-1.573096763367396,0.4556258736165678,0.4556258736165678,-0.04583492485141057,-0.45226701686664544,0.4556258736165678,0.4556258736165678,0.4556258736165678,-0.45226701686664544,0.4556258736165678,-0.45226701686664544,-0.04583492485141057,2.0,16
57,2,-0.6339932884617736,-1.5503466449389254,0.4556258736165678,0.4556258736165678,-0.04583492485141057,-0.45226701686664544,0.4556258736165678,0.4556258736165678,0.4556258736165678,-0.45226701686664544,0.4556258736165678,-0.45226701686664544,-0.04583492485141057,2.0,15
58,2,-0.6339932884617736,-0.9702186250129233,0.4556258736165678,0.4556258736165678,-0.04583492485141057,-0.45226701686664544,0.4556258736165678,0.4556258736165678,0.4556258736165678,-0.45226701686664544,0.4556258736165678,-0.45226701686664544,-0.04583492485141057,2.0,19
59,2,-0.6339932884617736,-0.5152162564435101,0.4556258736165678,0.4556258736165678,-0.04583492485141057,-0.45226701686664544,0.4556258736165678,0.4556258736165678,0.4556258736165678,-0.45226701686664544,0.4556258736165678,-0.45226701686664544,-0.04583492485141057,2.0,20
60,2,-0.6339932884617736,0.9521663821928479,0.4556258736165678,0.4556258736165678,-0.04583492485141057,-0.45226701686664544,0.4556258736165678,0.4556258736165678,0.4556258736165678,-0.45226701686664544,0.4556258736165678,-0.45226701686664544,-0.04583492485141057,2.0,21
61,2,-0.5497317118119363,-1.573096763367396,0.4556258736165678,0.4556258736165678,-0.04583492485141057,-0.45226701686664544,0.4556258736165678,0.4556258736165678,0.4556258736165678,-0.45226701686664544,0.4556258736165678,-0.45226701686664544,-0.04583492485141057,3.0,34
62,2,-0.5497317118119363,-1.5503466449389254,0.4556258736165678,0.4556258736165678,-0.04583492485141057,-0.45226701686664544,0.4556258736165678,0.4556258736165678,0.4556258736165678,-0.45226701686664544,0.4556258736165678,-0.45226701686664544,-0.04583492485141057,3.0,33
63,2,-0.5497317118119363,-0.9702186250129233,0.4556258736165678,0.4556258736165678,-0.04583492485141057,-0.45226701686664544,0.4556258736165678,0.4556258736165678,0.4556258736165678,-0.45226701686664544,0.4556258736165678,-0.45226701686664544,-0.04583492485141057,3.0,32
64,2,-0.5497317118119363,-0.5152162564435101,0.4556258736165678,0.4556258736165678,-0.04583492485141057,-0.45226701686664544,0.4556258736165678,0.4556258736165678,0.4556258736165678,-0.45226701686664544,0.4556258736165678,-0.45226701686664544,-0.04583492485141057,3.0,31
65,2,-0.5497317118119363,0.9521663821928479,0.4556258736165678,0.4556258736165678,-0.04583492485141057,-0.45226701686664544,0.4556258736165678,0.4556258736165678,0.4556258736165678,-0.45226701686664544,0.4556258736165678,-0.45226701686664544,-0.04583492485141057,3.0,30
66,2,-0.465470135162099,-1.573096763367396,0.4556258736165678,0.4556258736165678,-0.04583492485141057,-0.45226701686664544,0.4556258736165678,0.4556258736165678,0.4556258736165678,-0.45226701686664544,0.4556258736165678,-0.45226701686664544,-0.04583492485141057,4.0,43
67,2,-0.465470135162099,-1.5503466449389254,0.4556258736165678,0.4556258736165678,-0.04583492485141057,-0.45226701686664544,0.4556258736165678,0.4556258736165678,0.4556258736165678,-0.45226701686664544,0.4556258736165678,-0.45226701686664544,-0.04583492485141057,4.0,44
68,2,-0.465470135162099,-0.9702186250129233,0.4556258736165678,0.4556258736165678,-0.04583492485141057,-0.45226701686664544,0.4556258736165678,0.4556258736165678,0.4556258736165678,-0.45226701686664544,0.4556258736165678,-0.45226701686664544,-0.04583492485141057,4.0,48
69,2,-0.465470135162099,-0.5152162564435101,0.4556258736165678,0.4556258736165678,-0.04583492485141057,-0.45226701686664544,0.4556258736165678,0.4556258736165678,0.4556258736165678,-0.45226701686664544,0.4556258736165678,-0.45226701686664544,-0.04583492485141057,4.0,46
70,2,-0.465470135162099,0.9521663821928479,0.4556258736165678,0.4556258736165678,-0.04583492485141057,-0.45226701686664544,0.4556258736165678,0.4556258736165678,0.4556258736165678,-0.45226701686664544,0.4556258736165678,-0.45226701686664544,-0.04583492485141057,4.0,47
71,2,-0.3812085585122617,-1.5503466449389254,0.4556258736165678,0.4556258736165678,-0.04583492485141057,-0.45226701686664544,0.4556258736165678,0.4556258736165678,0.4556258736165678,-0.45226701686664544,0.4556258736165678,-0.45226701686664544,-0.04583492485141057,5.0,50
72,2,-0.3812085585122617,-0.9702186250129233,0.4556258736165678,0.4556258736165678,-0.04583492485141057,-0.45226701686664544,0.4556258736165678,0.4556258736165678,0.4556258736165678,-0.45226701686664544,0.4556258736165678,-0.45226701686664544,-0.04583492485141057,5.0,58
73,2,-0.3812085585122617,-0.5152162564435101,0.4556258736165678,0.4556258736165678,-0.04583492485141057,-0.45226701686664544,0.4556258736165678,0.4556258736165678,0.4556258736165678,-0.45226701686664544,0.4556258736165678,-0.45226701686664544,-0.04583492485141057,5.0,51
74,2,-0.3812085585122617,0.9521663821928479,0.4556258736165678,0.4556258736165678,-0.04583492485141057,-0.45226701686664544,0.4556258736165678,0.4556258736165678,0.4556258736165678,-0.45226701686664544,0.4556258736165678,-0.45226701686664544,-0.04583492485141057,5.0,52
75,2,-0.2969469818624244,-1.573096763367396,0.4556258736165678,0.4556258736165678,-0.04583492485141057,-0.45226701686664544,0.4556258736165678,0.4556258736165678,0.4556258736165678,-0.45226701686664544,0.4556258736165678,-0.45226701686664544,-0.04583492485141057,6.0,59
76,2,-0.2969469818624244,-1.5503466449389254,0.4556258736165678,0.4556258736165678,-0.04583492485141057,-0.45226701686664544,0.4556258736165678,0.4556258736165678,0.4556258736165678,-0.45226701686664544,0.4556258736165678,-0.45226701686664544,-0.04583492485141057,6.0,60
77,2,-0.2969469818624244,-0.9702186250129233,0.4556258736165678,0.4556258736165678,-0.04583492485141057,-0.45226701686664544,0.4556258736165678,0.4556258736165678,0.4556258736165678,-0.45226701686664544,0.4556258736165678,-0.45226701686664544,-0.04583492485141057,6.0,61
78,2,-0.2969469818624244,-0.5152162564435101,0.4556258736165678,0.4556258736165678,-0.04583492485141057,-0.45226701686664544,0.4556258736165678,0.4556258736165678,0.4556258736165678,-0.45226701686664544,0.4556258736165678,-0.45226701686664544,-0.04583492485141057,6.0,63
79,2,-0.2969469818624244,0.9521663821928479,0.4556258736165678,0.4556258736165678,-0.04583492485141057,-0.45226701686664544,0.4556258736165678,0.4556258736165678,0.4556258736165678,-0.45226701686664544,0.4556258736165678,-0.45226701686664544,-0.04583492485141057,6.0,64
80,2,-0.21268540521258714,-1.5503466449389254,0.4556258736165678,0.4556258736165678,-0.04583492485141057,-0.45226701686664544,0.4556258736165678,0.4556258736165678,0.4556258736165678,-0.45226701686664544,0.4556258736165678,-0.45226701686664544,-0.04583492485141057,7.0,74
81,2,-0.21268540521258714,-0.9702186250129233,0.4556258736165678,0.4556258736165678,-0.04583492485141057,-0.45226701686664544,0.4556258736165678,0.4556258736165678,0.4556258736165678,-0.45226701686664544,0.4556258736165678,-0.45226701686664544,-0.04583492485141057,7.0,73
82,2,-0.21268540521258714,-0.5152162564435101,0.4556258736165678,0.4556258736165678,-0.04583492485141057,-0.45226701686664544,0.4556258736165678,0.4556258736165678,0.4556258736165678,-0.45226701686664544,0.4556258736165678,-0.45226701686664544,-0.04583492485141057,7.0,72
83,2,-0.21268540521258714,0.9521663821928479,0.4556258736165678,0.4556258736165678,-0.04583492485141057,-0.45226701686664544,0.4556258736165678,0.4556258736165678,0.4556258736165678,-0.45226701686664544,0.4556258736165678,-0.45226701686664544,-0.04583492485141057,7.0,75
84,2,-0.12842382856274984,-1.573096763367396,0.4556258736165678,0.4556258736165678,-0.04583492485141057,-0.45226701686664544,0.4556258736165678,0.4556258736165678,0.4556258736165678,-0.45226701686664544,0.4556258736165678,-0.45226701686664544,-0.04583492485141057,8.0,82
85,2,-0.12842382856274984,-0.9702186250129233,0.4556258736165678,0.4556258736165678,-0.04583492485141057,-0.45226701686664544,0.4556258736165678,0.4556258736165678,0.4556258736165678,-0.45226701686664544,0.4556258736165678,-0.45226701686664544,-0.04583492485141057,8.0,77
86,2,-0.12842382856274984,-0.5152162564435101,0.4556258736165678,0.4556258736165678,-0.04583492485141057,-0.45226701686664544,0.4556258736165678,0.4556258736165678,0.4556258736165678,-0.45226701686664544,0.4556258736165678,-0.45226701686664544,-0.04583492485141057,8.0,80
87,2,-0.12842382856274984,0.9521663821928479,0.4556258736165678,0.4556258736165678,-0.04583492485141057,-0.45226701686664544,0.4556258736165678,0.4556258736165678,0.4556258736165678,-0.45226701686664544,0.4556258736165678,-0.45226701686664544,-0.04583492485141057,8.0,78
88,2,0.2928840546864366,-1.573096763367396,0.4556258736165678,0.4556258736165678,-0.04583492485141057,-0.45226701686664544,0.4556258736165678,0.4556258736165678,0.4556258736165678,-0.45226701686664544,0.4556258736165678,-0.45226701686664544,-0.04583492485141057,13.0,83
89,2,0.2928840546864366,-1.5503466449389254,0.4556258736165678,0.4556258736165678,-0.04583492485141057,-0.45226701686664544,0.4556258736165678,0.4556258736165678,0.4556258736165678,-0.45226701686664544,0.4556258736165678,-0.45226701686664544,-0.04583492485141057,13.0,84
90,2,0.2928840546864366,-0.9702186250129233,0.4556258736165678,0.4556258736165678,-0.04583492485141057,-0.45226701686664544,0.4556258736165678,0.4556258736165678,0.4556258736165678,-0.45226701686664544,0.4556258736165678,-0.45226701686664544,-0.04583492485141057,13.0,85
91,2,0.2928840546864366,-0.5152162564435101,0.4556258736165678,0.4556258736165678,-0.04583492485141057,-0.45226701686664544,0.4556258736165678,0.4556258736165678,0.4556258736165678,-0.45226701686664544,0.4556258736165678,-0.45226701686664544,-0.04583492485141057,13.0,88
92,2,0.2928840546864366,0.9521663821928479,0.4556258736165678,0.4556258736165678,-0.04583492485141057,-0.45226701686664544,0.4556258736165678,0.4556258736165678,0.4556258736165678,-0.45226701686664544,0.4556258736165678,-0.45226701686664544,-0.04583492485141057,13.0,86
93,2,0.4614072079861112,-1.6982224147239846,0.4556258736165678,0.4556258736165678,-0.04583492485141057,-0.45226701686664544,0.4556258736165678,0.4556258736165678,0.4556258736165678,-0.45226701686664544,0.4556258736165678,-0.45226701686664544,-0.04583492485141057,15.0,92
94,2,0.4614072079861112,-1.5503466449389254,0.4556258736165678,0.4556258736165678,-0.04583492485141057,-0.45226701686664544,0.4556258736165678,0.4556258736165678,0.4556258736165678,-0.45226701686664544,0.4556258736165678,-0.45226701686664544,-0.04583492485141057,15.0,93
95,2,0.4614072079861112,-0.9702186250129233,0.4556258736165678,0.4556258736165678,-0.04583492485141057,-0.45226701686664544,0.4556258736165678,0.4556258736165678,0.4556258736165678,-0.45226701686664544,0.4556258736165678,-0.45226701686664544,-0.04583492485141057,15.0,91
96,2,0.4614072079861112,-0.5152162564435101,0.4556258736165678,0.4556258736165678,-0.04583492485141057,-0.45226701686664544,0.4556258736165678,0.4556258736165678,0.4556258736165678,-0.45226701686664544,0.4556258736165678,-0.45226701686664544,-0.04583492485141057,15.0,90
97,2,0.4614072079861112,0.9521663821928479,0.4556258736165678,0.4556258736165678,-0.04583492485141057,-0.45226701686664544,0.4556258736165678,0.4556258736165678,0.4556258736165678,-0.45226701686664544,0.4556258736165678,-0.45226701686664544,-0.04583492485141057,15.0,89
98,2,0.7984535145854603,-1.573096763367396,0.4556258736165678,0.4556258736165678,-0.04583492485141057,-0.45226701686664544,0.4556258736165678,0.4556258736165678,0.4556258736165678,-0.45226701686664544,0.4556258736165678,-0.45226701686664544,-0.04583492485141057,19.0,95
99,3,-0.6339932884617736,-1.7323475923666907,-2.1947831716895654,-2.1947831716895654,21.81742422927143,-0.45226701686664544,-2.1947831716895654,-2.1947831716895654,-2.1947831716895654,-0.45226701686664544,-2.1947831716895654,-0.45226701686664544,21.81742422927143,2.0,22
