UPN,Brand impersonation,Malicious URL reputation,Malware,Threats,Delete messages from Deleted Items folder,Failed log on,Suspicious Email,Threat Count,AvgProbability,UPN Count,New Score
Account,0.0,0.0,1.0,0.0,0.0,0.0,0.0,0.0,0.7333,1.0,0.7066666666666667
Maerskshipping,0.0,0.0,1.0,0.0,0.0,0.0,0.0,0.0,0.7423,1.0,0.7066666666666667
abby,0.0,0.0,2.0,0.0,0.0,0.0,0.0,0.0,0.7355,2.0,0.7133333333333333
abhinaya.sathyanarayanan,0.0,0.0,0.0,0.0,4.0,0.0,0.0,4.0,0.7168,4.0,0.7266666666666666
aditya.sahasrabudhe,0.0,0.0,4.0,0.0,0.0,0.0,0.0,0.0,0.7947,4.0,0.7266666666666666
admin.itax2,0.0,0.0,1.0,1.0,0.0,0.0,0.0,0.0,0.7242,2.0,0.7066666666666667
ahamed.marzuk,0.0,1.0,0.0,0.0,0.0,0.0,0.0,0.0,0.8494,1.0,0.7066666666666667
ajay.singh,0.0,0.0,2.0,1.0,0.0,0.0,0.0,0.0,0.7786,3.0,0.7105882352941176
ajayraghav,0.0,0.0,2.0,0.0,0.0,0.0,0.0,0.0,0.8035,2.0,0.7133333333333333
ajeesh.mohamed,0.0,0.0,0.0,0.0,2.0,0.0,0.0,2.0,0.7206,2.0,0.7133333333333333
ajeethkumar.thangaraj,0.0,0.0,0.0,0.0,2.0,0.0,0.0,2.0,0.7528,2.0,0.7133333333333333
ajit.singh,0.0,0.0,2.0,1.0,0.0,0.0,0.0,0.0,0.7236,3.0,0.7105882352941176
akanksha.rathi,0.0,0.0,1.0,0.0,0.0,0.0,0.0,0.0,0.7954,1.0,0.7066666666666667
amit.dixit,0.0,0.0,1.0,0.0,12.0,1.0,0.0,13.0,0.8462,14.0,0.7309090909090908
amit.waghmare,0.0,0.0,1.0,1.0,0.0,0.0,0.0,0.0,0.7661,2.0,0.7066666666666667
amit2.jadhav,0.0,0.0,2.0,1.0,0.0,0.0,0.0,0.0,0.839,3.0,0.7105882352941176
amjathkumar.murugan,0.0,0.0,0.0,0.0,1.0,0.0,0.0,1.0,0.8396,1.0,0.7066666666666667
ana.itzcoalt,0.0,1.0,0.0,0.0,0.0,0.0,0.0,0.0,0.7681,1.0,0.7066666666666667
anand.lakshmanan,0.0,0.0,0.0,0.0,1.0,0.0,0.0,1.0,0.7451,1.0,0.7066666666666667
anandan.palanisamy,0.0,0.0,0.0,2.0,0.0,0.0,0.0,0.0,0.8517,2.0,0.7133333333333333
anandraj.chinnathambi,0.0,0.0,0.0,0.0,1.0,0.0,0.0,1.0,0.8063,1.0,0.7066666666666667
ananthi.karuppusamy,0.0,0.0,0.0,0.0,1.0,0.0,0.0,1.0,0.8632,1.0,0.7066666666666667
andy,0.0,0.0,1.0,0.0,0.0,0.0,0.0,0.0,0.7236,1.0,0.7066666666666667
angelica.montoya,0.0,1.0,0.0,0.0,0.0,0.0,0.0,0.0,0.7548,1.0,0.7066666666666667
anil.singh,0.0,6.0,1.0,1.0,0.0,0.0,0.0,0.0,0.7153,8.0,0.7173333333333333
ankit.kumar,0.0,0.0,0.0,0.0,0.0,1.0,0.0,1.0,0.7816,1.0,0.7066666666666667
ankit.kumar,0.0,0.0,0.0,0.0,0.0,1.0,0.0,1.0,0.8259,1.0,0.7066666666666667
ankurrohilla,0.0,0.0,2.0,0.0,0.0,0.0,0.0,0.0,0.8517,2.0,0.7133333333333333
antonyja,0.0,0.0,2.0,1.0,0.0,1.0,0.0,1.0,0.7832,4.0,0.7093333333333333
aravind.murugesan,0.0,1.0,0.0,0.0,0.0,0.0,0.0,0.0,0.8191,1.0,0.7066666666666667
aravindhan.amaranathan,0.0,0.0,0.0,0.0,1.0,0.0,0.0,1.0,0.764,1.0,0.7066666666666667
aravindhasamy.balasubramaniyam,0.0,0.0,0.0,0.0,4.0,0.0,0.0,4.0,0.8173,4.0,0.7266666666666666
arulsakthivel.gopalan,2.0,2.0,0.0,0.0,0.0,0.0,0.0,0.0,0.8304,4.0,0.7133333333333333
arulsvp,0.0,1.0,0.0,0.0,0.0,0.0,0.0,0.0,0.0,1.0,0.7066666666666667
arun.kumarasamy,0.0,0.0,0.0,0.0,2.0,0.0,0.0,2.0,0.8052,2.0,0.7133333333333333
arun.rajagopal,0.0,1.0,4.0,1.0,0.0,0.0,0.0,0.0,0.8201,6.0,0.7146666666666667
arunkumar.palanisamy,0.0,0.0,0.0,0.0,1.0,1.0,0.0,2.0,0.7203,2.0,0.7083333333333333
arunkumar.sekar,0.0,0.0,1.0,1.0,0.0,0.0,0.0,0.0,0.8462,2.0,0.7066666666666667
arunkumar.venugopal,0.0,0.0,0.0,0.0,1.0,0.0,0.0,1.0,0.7974,1.0,0.7066666666666667
arunpranesh.maria,0.0,0.0,0.0,0.0,1.0,0.0,0.0,1.0,0.7856,1.0,0.7066666666666667
arunprasad.kanagaraj,0.0,0.0,0.0,0.0,3.0,1.0,0.0,4.0,0.7465,4.0,0.716111111111111
arvind.bhuvad,0.0,0.0,1.0,0.0,0.0,0.0,0.0,0.0,0.8021,1.0,0.7066666666666667
ashishsrivastava,0.0,0.0,1.0,1.0,0.0,0.0,0.0,0.0,0.8059,2.0,0.7066666666666667
ashok.balaraman,0.0,0.0,0.0,0.0,3.0,0.0,0.0,3.0,0.8097,3.0,0.72
ashwani.dhiman,0.0,0.0,3.0,2.0,0.0,0.0,0.0,0.0,0.7719,5.0,0.7172549019607842
ashwin.balan,0.0,0.0,0.0,0.0,4.0,2.0,0.0,6.0,0.748,6.0,0.7244444444444444
avadhut.patil,0.0,0.0,0.0,0.0,0.0,1.0,0.0,1.0,0.7486,1.0,0.7066666666666667
avadhut.patil,0.0,0.0,0.0,0.0,0.0,1.0,0.0,1.0,0.8305,1.0,0.7066666666666667
babu.rajendraprasad,0.0,1.0,0.0,0.0,0.0,0.0,0.0,0.0,0.8014,1.0,0.7066666666666667
balaji.krishnamoorthy,0.0,0.0,0.0,0.0,2.0,0.0,0.0,2.0,0.8686,2.0,0.7133333333333333
balajiv,2.0,0.0,0.0,0.0,1.0,0.0,0.0,1.0,0.7814,3.0,0.7104166666666666
balakumar.palanisamy,0.0,0.0,0.0,0.0,2.0,0.0,0.0,2.0,0.7548,2.0,0.7133333333333333
balasubramanian.duraisamy,0.0,0.0,1.0,0.0,4.0,1.0,0.0,5.0,0.8294,6.0,0.7139393939393939
bharathiraja.thanikachalam,0.0,0.0,1.0,0.0,0.0,0.0,0.0,0.0,0.8052,1.0,0.7066666666666667
billsreceivable,0.0,0.0,4.0,0.0,0.0,0.0,0.0,0.0,0.7487,4.0,0.7266666666666666
boopathyraj.venkatachalam,0.0,0.0,0.0,0.0,3.0,2.0,0.0,5.0,0.8297,5.0,0.7205555555555555
boovarahan.alagar,0.0,0.0,0.0,0.0,1.0,0.0,0.0,1.0,0.8212,1.0,0.7066666666666667
brennan,0.0,0.0,3.0,0.0,0.0,0.0,0.0,0.0,0.7276,3.0,0.72
chandan.kumar,0.0,3.0,0.0,0.0,0.0,0.0,0.0,0.0,0.8624,3.0,0.72
chandramohan.subramaniam,0.0,0.0,0.0,0.0,2.0,0.0,0.0,2.0,0.7378,2.0,0.7133333333333333
chandramohanr,0.0,0.0,1.0,1.0,0.0,0.0,0.0,0.0,0.8574,2.0,0.7066666666666667
chandrasekar.moorthy,0.0,0.0,0.0,0.0,1.0,0.0,0.0,1.0,0.8318,1.0,0.7066666666666667
chandru.manoharan,4.0,3.0,2.0,1.0,0.0,0.0,0.0,0.0,0.7617,10.0,0.7170588235294117
chenthamil.krishnasamyperumal,0.0,6.0,81.0,26.0,0.0,0.0,0.0,0.0,0.7952,113.0,0.9773333333333334
chithiraiselvi.rajan,0.0,1.0,7.0,0.0,3.0,0.0,0.0,3.0,0.7375,11.0,0.7263999999999999
christopher.david,0.0,0.0,0.0,1.0,0.0,0.0,0.0,0.0,0.7959,1.0,0.7066666666666667
christopherjabarajd,0.0,1.0,4.0,0.0,0.0,0.0,0.0,0.0,0.8119,5.0,0.7177777777777777
city,0.0,11.0,36.0,39.0,0.0,0.0,0.0,0.0,0.8051,86.0,0.8922666666666667
contact,0.0,0.0,1.0,0.0,0.0,0.0,0.0,0.0,0.8145,1.0,0.7066666666666667
coordinator,0.0,1.0,1.0,0.0,0.0,0.0,0.0,0.0,0.8633,2.0,0.7066666666666667
crisin.john,0.0,0.0,0.0,0.0,1.0,0.0,0.0,1.0,0.8216,1.0,0.7066666666666667
cs,0.0,1.0,10.0,4.0,0.0,0.0,0.0,0.0,0.7904,15.0,0.7362666666666666
customerreceivables-finance,0.0,0.0,0.0,0.0,2.0,0.0,0.0,2.0,0.717,2.0,0.7133333333333333
customerservice,0.0,0.0,1.0,1.0,0.0,0.0,0.0,0.0,0.7153,2.0,0.7066666666666667
dalbiryadav,2.0,0.0,1.0,1.0,0.0,0.0,0.0,0.0,0.8298,4.0,0.7089743589743589
deebika.subramani,0.0,0.0,0.0,0.0,1.0,0.0,0.0,1.0,0.7846,1.0,0.7066666666666667
deepak.jangra,0.0,0.0,1.0,1.0,0.0,0.0,0.0,0.0,0.8229,2.0,0.7066666666666667
deepak.kaswa,0.0,0.0,1.0,1.0,0.0,0.0,0.0,0.0,0.74,2.0,0.7066666666666667
deepakbist,0.0,1.0,1.0,0.0,0.0,0.0,0.0,0.0,0.8014,2.0,0.7066666666666667
deepakdhoundiyal,0.0,1.0,0.0,0.0,5.0,1.0,0.0,6.0,0.8587,7.0,0.717
devaraj.balakrishnan,0.0,0.0,1.0,0.0,0.0,0.0,0.0,0.0,0.8423,1.0,0.7066666666666667
devender.kumar,0.0,0.0,1.0,1.0,0.0,0.0,0.0,0.0,0.7612,2.0,0.7066666666666667
devprakash,0.0,0.0,1.0,1.0,0.0,0.0,0.0,0.0,0.8056,2.0,0.7066666666666667
dhamodharan.kesavan,0.0,0.0,2.0,1.0,0.0,0.0,0.0,0.0,0.7248,3.0,0.7105882352941176
dhanagopal.devaraj,0.0,0.0,1.0,1.0,0.0,0.0,0.0,0.0,0.722,2.0,0.7066666666666667
dhandapani.perumal,0.0,0.0,0.0,0.0,1.0,0.0,0.0,1.0,0.8146,1.0,0.7066666666666667
dhanesh.joshi,0.0,0.0,1.0,1.0,0.0,0.0,0.0,0.0,0.7552,2.0,0.7066666666666667
dheerendra.kumar,0.0,0.0,1.0,1.0,0.0,0.0,0.0,0.0,0.7705,2.0,0.7066666666666667
dheerendralohani,0.0,1.0,0.0,0.0,0.0,0.0,0.0,0.0,0.8442,1.0,0.7066666666666667
dineshkumar.thangaraj,0.0,0.0,0.0,0.0,2.0,0.0,0.0,2.0,0.831,2.0,0.7133333333333333
divya.mehta,0.0,0.0,0.0,0.0,6.0,1.0,0.0,7.0,0.8343,7.0,0.7277777777777777
divya.ramachandran,0.0,0.0,0.0,0.0,1.0,0.0,0.0,1.0,0.7929,1.0,0.7066666666666667
donotreply,0.0,0.0,1.0,0.0,0.0,0.0,0.0,0.0,0.8011,1.0,0.7066666666666667
eblin.nesayyan,0.0,0.0,1.0,0.0,0.0,0.0,0.0,0.0,0.7562,1.0,0.7066666666666667
eswaramoorthi.palanisamy,0.0,0.0,0.0,0.0,0.0,1.0,0.0,1.0,0.8469,1.0,0.7066666666666667
falmeida,0.0,0.0,0.0,0.0,4.0,2.0,0.0,6.0,0.7969,6.0,0.7244444444444444
farayi.zvavamwe,0.0,1.0,0.0,0.0,0.0,0.0,0.0,0.0,0.7675,1.0,0.7066666666666667
fay,0.0,0.0,3.0,0.0,0.0,0.0,0.0,0.0,0.7761,3.0,0.72
frontoffice,1.0,0.0,0.0,0.0,0.0,0.0,0.0,0.0,0.8375,1.0,0.7066666666666667
ganesan.rajen,0.0,0.0,1.0,1.0,0.0,0.0,0.0,0.0,0.7672,2.0,0.7066666666666667
ganesh,0.0,0.0,21.0,7.0,0.0,0.0,0.0,0.0,0.741,28.0,0.8015686274509803
ganesh.manickam,0.0,0.0,0.0,0.0,15.0,0.0,0.0,15.0,0.842,15.0,0.7999999999999999
ganeshkumar.subbaiyan,0.0,0.0,0.0,0.0,1.0,0.0,0.0,1.0,0.7277,1.0,0.7066666666666667
girish.singh,0.0,0.0,1.0,0.0,0.0,0.0,0.0,0.0,0.8351,1.0,0.7066666666666667
gokulraj.ponnusamy,0.0,0.0,1.0,1.0,0.0,0.0,0.0,0.0,0.7946,2.0,0.7066666666666667
gopalswamy.nachimuthu,0.0,0.0,0.0,0.0,5.0,0.0,0.0,5.0,0.8221,5.0,0.7333333333333333
gopi.mannar,0.0,0.0,0.0,0.0,2.0,2.0,0.0,4.0,0.8092,4.0,0.7166666666666667
gowthaman.palaniswamy,0.0,0.0,1.0,0.0,0.0,0.0,0.0,0.0,0.8438,1.0,0.7066666666666667
gst,0.0,1.0,1.0,0.0,0.0,0.0,0.0,0.0,0.7956,2.0,0.7066666666666667
gunjan.singh,0.0,0.0,0.0,0.0,3.0,0.0,0.0,3.0,0.8664,3.0,0.72
gupta.svb,0.0,0.0,1.0,0.0,0.0,0.0,0.0,0.0,0.8519,1.0,0.7066666666666667
guruprasad.rajendran,0.0,2.0,0.0,1.0,0.0,0.0,0.0,0.0,0.7876,3.0,0.7102222222222222
hamsarani.sathyanarayanan,0.0,0.0,1.0,0.0,0.0,0.0,0.0,0.0,0.8355,1.0,0.7066666666666667
hanmant.bhise,0.0,1.0,0.0,0.0,8.0,0.0,0.0,8.0,0.823,9.0,0.7284444444444444
hargovind.sharma,0.0,0.0,0.0,0.0,1.0,0.0,0.0,1.0,0.7798,1.0,0.7066666666666667
hariharan.sundararajan,0.0,0.0,2.0,1.0,0.0,0.0,0.0,0.0,0.8259,3.0,0.7105882352941176
hariharan.tamilarasu,0.0,0.0,3.0,1.0,0.0,0.0,0.0,0.0,0.7989,4.0,0.7145098039215686
hariharan.thiyagarajan,0.0,0.0,0.0,0.0,1.0,0.0,0.0,1.0,0.8404,1.0,0.7066666666666667
harish.indaran,0.0,0.0,0.0,0.0,1.0,0.0,0.0,1.0,0.8296,1.0,0.7066666666666667
harishkumar.hooda,0.0,0.0,2.0,0.0,0.0,0.0,0.0,0.0,0.784,2.0,0.7133333333333333
hcardoso,0.0,1.0,0.0,0.0,0.0,0.0,0.0,0.0,0.8636,1.0,0.7066666666666667
hemant.singh,0.0,0.0,1.0,0.0,0.0,1.0,0.0,1.0,0.7528,2.0,0.7066666666666667
hirandharan,0.0,0.0,1.0,0.0,0.0,0.0,0.0,0.0,0.8572,1.0,0.7066666666666667
hooda.harish72,0.0,0.0,1.0,0.0,0.0,0.0,0.0,0.0,0.0,1.0,0.7066666666666667
hsr,0.0,0.0,0.0,1.0,0.0,0.0,0.0,0.0,0.7943,1.0,0.7066666666666667
imrankhan.noormohamed,0.0,0.0,0.0,0.0,1.0,0.0,0.0,1.0,0.7955,1.0,0.7066666666666667
info,0.0,1.0,0.0,0.0,0.0,0.0,0.0,0.0,0.7885,1.0,0.7066666666666667
info,0.0,1.0,2.0,2.0,0.0,0.0,0.0,0.0,0.7885,5.0,0.7111999999999999
info,0.0,1.0,0.0,0.0,0.0,0.0,0.0,0.0,0.7885,1.0,0.7066666666666667
invent,0.0,3.0,13.0,9.0,0.0,0.0,0.0,0.0,0.7772,25.0,0.7578666666666666
investor,0.0,0.0,5.0,0.0,0.0,0.0,0.0,0.0,0.8488,5.0,0.7333333333333333
ippl,0.0,0.0,4.0,0.0,0.0,0.0,0.0,0.0,0.8,4.0,0.7266666666666666
iraahuja,0.0,0.0,1.0,0.0,3.0,1.0,0.0,4.0,0.8222,5.0,0.7118181818181818
itsupport.plant9,0.0,0.0,0.0,0.0,1.0,0.0,0.0,1.0,0.0,1.0,0.7066666666666667
jagat.singh,0.0,0.0,0.0,0.0,1.0,0.0,0.0,1.0,0.7111,1.0,0.7066666666666667
jayaramp,0.0,0.0,0.0,0.0,1.0,4.0,0.0,5.0,0.7404,5.0,0.7216666666666667
jeeva.vellaisamy,0.0,1.0,0.0,0.0,0.0,0.0,0.0,0.0,0.7868,1.0,0.7066666666666667
jos,0.0,0.0,2.0,2.0,2.0,0.0,0.0,2.0,0.8163,6.0,0.7133333333333333
jude.arulnathan,0.0,0.0,1.0,0.0,0.0,0.0,0.0,0.0,0.7488,1.0,0.7066666666666667
kalaiselvan.avidaikkutty,0.0,1.0,1.0,0.0,0.0,0.0,0.0,0.0,0.7796,2.0,0.7066666666666667
kanagaraj.govindasamy,0.0,0.0,0.0,0.0,31.0,1.0,0.0,32.0,0.8505,32.0,0.825
karchiappan.natarajan,0.0,0.0,0.0,0.0,1.0,0.0,0.0,1.0,0.7199,1.0,0.7066666666666667
karthick.muniyappan,0.0,0.0,1.0,1.0,0.0,0.0,0.0,0.0,0.8228,2.0,0.7066666666666667
karthick.sankaran,0.0,2.0,0.0,0.0,0.0,0.0,0.0,0.0,0.755,2.0,0.7133333333333333
karthik.bhojan,0.0,3.0,0.0,0.0,0.0,0.0,0.0,0.0,0.82,3.0,0.72
karthik.chinnasamy,0.0,0.0,0.0,0.0,2.0,0.0,0.0,2.0,0.862,2.0,0.7133333333333333
karthik.karuppusamy,0.0,0.0,0.0,0.0,2.0,0.0,0.0,2.0,0.7246,2.0,0.7133333333333333
karthik.ramadoss,0.0,0.0,0.0,0.0,1.0,0.0,0.0,1.0,0.712,1.0,0.7066666666666667
karthik.sudevan,0.0,0.0,0.0,0.0,1.0,0.0,0.0,1.0,0.8462,1.0,0.7066666666666667
karthik.sudevan,0.0,0.0,0.0,0.0,1.0,0.0,0.0,1.0,0.752,1.0,0.7066666666666667
karthika.v,0.0,1.0,0.0,0.0,0.0,0.0,0.0,0.0,0.7421,1.0,0.7066666666666667
karthikeyan.palanisamy,0.0,0.0,1.0,0.0,0.0,0.0,0.0,0.0,0.8519,1.0,0.7066666666666667
karthikeyan.sampathkumar,0.0,0.0,1.0,0.0,0.0,0.0,0.0,0.0,0.8076,1.0,0.7066666666666667
karthikeyan.selvaraj,0.0,0.0,0.0,0.0,1.0,0.0,0.0,1.0,0.7513,1.0,0.7066666666666667
karthikeyan.sivakumar,0.0,0.0,0.0,0.0,2.0,0.0,0.0,2.0,0.8479,2.0,0.7133333333333333
kaushlendrasingh,0.0,1.0,0.0,0.0,0.0,0.0,0.0,0.0,0.8367,1.0,0.7066666666666667
kishorekumar.andrews,0.0,0.0,2.0,0.0,0.0,0.0,0.0,0.0,0.7695,2.0,0.7133333333333333
kowsikan.rathinasamy,0.0,2.0,3.0,1.0,0.0,0.0,0.0,0.0,0.7884,6.0,0.7141333333333333
kumaralingamv,0.0,0.0,0.0,0.0,2.0,2.0,0.0,4.0,0.7873,4.0,0.7166666666666667
kumuthavalli.loganathan,0.0,0.0,0.0,0.0,1.0,0.0,0.0,1.0,0.7212,1.0,0.7066666666666667
kuppusamys,0.0,0.0,1.0,1.0,0.0,0.0,0.0,0.0,0.8365,2.0,0.7066666666666667
lalit.joshi,0.0,0.0,0.0,0.0,5.0,1.0,0.0,6.0,0.7132,6.0,0.7238888888888888
lalit.mohan,0.0,1.0,1.0,0.0,0.0,0.0,0.0,0.0,0.7759,2.0,0.7066666666666667
latha.marudhachalam,0.0,0.0,0.0,0.0,1.0,0.0,0.0,1.0,0.8495,1.0,0.7066666666666667
lib-finance,0.0,0.0,1.0,0.0,0.0,0.0,0.0,0.0,0.8629,1.0,0.7066666666666667
libmcs,0.0,0.0,1.0,1.0,0.0,0.0,0.0,0.0,0.8568,2.0,0.7066666666666667
liboffice,0.0,0.0,2.0,2.0,0.0,0.0,0.0,0.0,0.7926,4.0,0.7133333333333333
libpurchase,0.0,0.0,1.0,0.0,0.0,0.0,0.0,0.0,0.7403,1.0,0.7066666666666667
luis.gasparini,0.0,0.0,0.0,0.0,1.0,0.0,0.0,1.0,0.7323,1.0,0.7066666666666667
madhavaraj.guru,0.0,0.0,0.0,0.0,1.0,0.0,0.0,1.0,0.8496,1.0,0.7066666666666667
madhu.ramsingh,0.0,0.0,0.0,0.0,1.0,0.0,0.0,1.0,0.7476,1.0,0.7066666666666667
magesh.subramanian,0.0,0.0,1.0,0.0,0.0,0.0,0.0,0.0,0.7812,1.0,0.7066666666666667
mahendran.krishnasamy,0.0,1.0,1.0,0.0,0.0,1.0,0.0,1.0,0.7888,3.0,0.7066666666666667
malarvalan,0.0,1.0,0.0,0.0,0.0,0.0,0.0,0.0,0.0,1.0,0.7066666666666667
mandeep.saxena,0.0,0.0,0.0,0.0,2.0,1.0,0.0,3.0,0.8557,3.0,0.7122222222222222
manikandan.jagatheesan,0.0,0.0,0.0,0.0,0.0,1.0,0.0,1.0,0.7254,1.0,0.7066666666666667
manikandan.rajamani,0.0,0.0,2.0,0.0,0.0,0.0,0.0,0.0,0.7702,2.0,0.7133333333333333
manikandan.sethuraajan,0.0,1.0,0.0,0.0,0.0,0.0,0.0,0.0,0.8645,1.0,0.7066666666666667
manishankar.baskaran,0.0,0.0,0.0,0.0,1.0,1.0,0.0,2.0,0.8097,2.0,0.7083333333333333
manishnangia,0.0,1.0,0.0,0.0,0.0,0.0,0.0,0.0,0.8454,1.0,0.7066666666666667
mansoorahamed.musthafa,0.0,0.0,1.0,0.0,0.0,1.0,1.0,2.0,0.7925,3.0,0.7074999999999999
maruthachalam.palaniappan,0.0,0.0,2.0,0.0,0.0,0.0,0.0,0.0,0.7442,2.0,0.7133333333333333
megala.muthusamy,0.0,0.0,0.0,0.0,1.0,0.0,0.0,1.0,0.8111,1.0,0.7066666666666667
mohammedali.yakubali,0.0,0.0,0.0,0.0,0.0,1.0,0.0,1.0,0.8191,1.0,0.7066666666666667
mohan.karuppanasamy,0.0,0.0,0.0,0.0,2.0,0.0,0.0,2.0,0.8413,2.0,0.7133333333333333
mohan.krishnan,0.0,0.0,1.0,0.0,0.0,0.0,0.0,0.0,0.7346,1.0,0.7066666666666667
mohan.sivaraj,0.0,1.0,0.0,0.0,1.0,1.0,0.0,2.0,0.7887,3.0,0.7076666666666667
mohankumar.rangaraj,0.0,1.0,0.0,0.0,0.0,0.0,0.0,0.0,0.8494,1.0,0.7066666666666667
mohanraj.muthuswamy,0.0,0.0,2.0,0.0,0.0,0.0,0.0,0.0,0.7583,2.0,0.7133333333333333
mohmmdyunus,0.0,0.0,2.0,1.0,0.0,0.0,0.0,0.0,0.8056,3.0,0.7105882352941176
mohsin.lalkhan,0.0,0.0,0.0,0.0,0.0,1.0,0.0,1.0,0.7707,1.0,0.7066666666666667
mukeshkumar.nagalingam,0.0,1.0,0.0,0.0,0.0,0.0,0.0,0.0,0.7584,1.0,0.7066666666666667
munichamy.gurusamy,0.0,0.0,1.0,0.0,1.0,0.0,0.0,1.0,0.8096,2.0,0.7066666666666667
murali.ranganathan,0.0,0.0,1.0,1.0,0.0,0.0,0.0,0.0,0.8204,2.0,0.7066666666666667
muralidaran.m,0.0,0.0,0.0,0.0,0.0,1.0,0.0,1.0,0.7637,1.0,0.7066666666666667
muralitharan.athikesavan,0.0,0.0,0.0,0.0,1.0,0.0,0.0,1.0,0.8455,1.0,0.7066666666666667
murugesan.velayutham,0.0,0.0,1.0,0.0,1.0,1.0,0.0,2.0,0.8284,3.0,0.7075757575757575
muthukumar.vellingiri,0.0,0.0,1.0,0.0,1.0,0.0,0.0,1.0,0.7618,2.0,0.7066666666666667
muthukumar.vellingiri,0.0,0.0,1.0,0.0,1.0,0.0,0.0,1.0,0.7675,2.0,0.7066666666666667
mythili.chandrasekaran,0.0,0.0,0.0,0.0,5.0,1.0,0.0,6.0,0.7467,6.0,0.7238888888888888
namasivayam.jaganathan,2.0,0.0,0.0,0.0,0.0,0.0,0.0,0.0,0.8311,2.0,0.7133333333333333
naveenkumar.r,0.0,1.0,0.0,0.0,0.0,0.0,0.0,0.0,0.7394,1.0,0.7066666666666667
neeraj.chauhan,0.0,0.0,0.0,0.0,6.0,0.0,0.0,6.0,0.8159,6.0,0.74
nilesh.bhuvad,0.0,0.0,0.0,0.0,3.0,0.0,0.0,3.0,0.8731,3.0,0.72
nilesh.warekar,0.0,0.0,0.0,0.0,1.0,0.0,0.0,1.0,0.7852,1.0,0.7066666666666667
nilton.resende,0.0,0.0,1.0,0.0,0.0,0.0,0.0,0.0,0.7322,1.0,0.7066666666666667
nishanth.vasanthan,0.0,0.0,0.0,2.0,0.0,0.0,0.0,0.0,0.7764,2.0,0.7133333333333333
nithya.manoharan,0.0,0.0,0.0,0.0,1.0,0.0,0.0,1.0,0.815,1.0,0.7066666666666667
no-reply,0.0,1.0,0.0,0.0,0.0,0.0,0.0,0.0,0.7219,1.0,0.7066666666666667
nopit,0.0,0.0,3.0,3.0,0.0,0.0,0.0,0.0,0.8565,6.0,0.72
noreply,0.0,1.0,0.0,0.0,0.0,0.0,0.0,0.0,0.8434,1.0,0.7066666666666667
operationexcellent-1,0.0,1.0,0.0,0.0,0.0,0.0,0.0,0.0,0.7295,1.0,0.7066666666666667
p3-stores,0.0,0.0,0.0,0.0,1.0,0.0,0.0,1.0,0.8155,1.0,0.7066666666666667
p3gatecontrol,0.0,0.0,1.0,0.0,0.0,0.0,0.0,0.0,0.7262,1.0,0.7066666666666667
p5inprocessaudit,0.0,0.0,0.0,0.0,2.0,0.0,0.0,2.0,0.8004,2.0,0.7133333333333333
p5receipt,0.0,0.0,0.0,0.0,2.0,0.0,0.0,2.0,0.8038,2.0,0.7133333333333333
palanisamy.varatharaju,0.0,0.0,0.0,0.0,3.0,0.0,0.0,3.0,0.8484,3.0,0.72
pankajbisht,0.0,0.0,0.0,0.0,4.0,1.0,0.0,5.0,0.715,5.0,0.72
parameswaranar,0.0,0.0,4.0,0.0,0.0,0.0,0.0,0.0,0.83,4.0,0.7266666666666666
partheeban.mariaxavier,0.0,0.0,1.0,0.0,6.0,1.0,0.0,7.0,0.7728,8.0,0.7181818181818181
pasupathy.ramadas,0.0,0.0,2.0,0.0,0.0,0.0,0.0,0.0,0.8341,2.0,0.7133333333333333
patsorn,0.0,0.0,1.0,1.0,0.0,0.0,0.0,0.0,0.8193,2.0,0.7066666666666667
pdb_scanner,0.0,0.0,0.0,0.0,1.0,2.0,0.0,3.0,0.8555,3.0,0.7127777777777777
pde_peil,0.0,0.0,0.0,0.0,1.0,0.0,0.0,1.0,0.767,1.0,0.7066666666666667
phelics.joseph,0.0,0.0,0.0,0.0,1.0,0.0,0.0,1.0,0.8535,1.0,0.7066666666666667
plant1.itfms,4.0,3.0,1.0,2.0,19.0,0.0,0.0,19.0,0.8484,29.0,0.7352845528455284
plant2,0.0,1.0,15.0,9.0,0.0,0.0,0.0,0.0,0.8636,25.0,0.7589333333333332
plant2.printing,0.0,0.0,0.0,0.0,2.0,0.0,0.0,2.0,0.0,2.0,0.7133333333333333
plant3fr,0.0,0.0,1.0,1.0,0.0,0.0,0.0,0.0,0.864,2.0,0.7066666666666667
plant5.ppc,0.0,0.0,0.0,0.0,1.0,0.0,0.0,1.0,0.0,1.0,0.7066666666666667
plant7,0.0,1.0,1.0,0.0,0.0,0.0,0.0,0.0,0.8572,2.0,0.7066666666666667
prabhakaran.palanisami,0.0,0.0,0.0,0.0,3.0,0.0,0.0,3.0,0.7764,3.0,0.72
prabhakaran.sundarapandian,0.0,0.0,1.0,0.0,0.0,0.0,0.0,0.0,0.7365,1.0,0.7066666666666667
prabhu.nandhi,2.0,0.0,0.0,2.0,0.0,0.0,0.0,0.0,0.7511,4.0,0.7133333333333333
prabhudev.vijayan,1.0,0.0,0.0,0.0,0.0,0.0,0.0,0.0,0.8149,1.0,0.7066666666666667
prabu.subramanian,0.0,0.0,1.0,0.0,0.0,0.0,0.0,0.0,0.7524,1.0,0.7066666666666667
pradeep.vijayan,0.0,0.0,1.0,2.0,0.0,0.0,0.0,0.0,0.8644,3.0,0.7094117647058823
prakash.ponnusamy,0.0,0.0,1.0,0.0,1.0,0.0,0.0,1.0,0.7286,2.0,0.7066666666666667
prasad.sivasamy,0.0,0.0,0.0,0.0,1.0,0.0,0.0,1.0,0.8202,1.0,0.7066666666666667
praveenkumar.nataraj,0.0,0.0,0.0,0.0,0.0,1.0,0.0,1.0,0.7931,1.0,0.7066666666666667
praveenraj.senthilkumar,0.0,1.0,0.0,0.0,0.0,0.0,0.0,0.0,0.7282,1.0,0.7066666666666667
pravin,1.0,1.0,0.0,0.0,0.0,0.0,0.0,0.0,0.7941,2.0,0.7066666666666667
prem.sharma,0.0,1.0,0.0,0.0,0.0,0.0,0.0,0.0,0.8212,1.0,0.7066666666666667
premkumar.karuppusamy,0.0,0.0,0.0,0.0,1.0,0.0,0.0,1.0,0.8426,1.0,0.7066666666666667
premramesh.sk,0.0,1.0,0.0,0.0,1.0,0.0,0.0,1.0,0.8558,2.0,0.7066666666666667
ptyagi,0.0,0.0,1.0,0.0,0.0,0.0,0.0,0.0,0.7375,1.0,0.7066666666666667
qe-giipumps,0.0,0.0,1.0,0.0,38.0,1.0,0.0,39.0,0.7981,40.0,0.786060606060606
radheeshbabu,0.0,0.0,0.0,1.0,0.0,0.0,0.0,0.0,0.7243,1.0,0.7066666666666667
ragul.kanapathy,0.0,0.0,0.0,0.0,1.0,0.0,0.0,1.0,0.7483,1.0,0.7066666666666667
raja.andithevar,0.0,0.0,0.0,0.0,3.0,0.0,0.0,3.0,0.7933,3.0,0.72
raja.yelimbeti,0.0,0.0,0.0,0.0,1.0,1.0,0.0,2.0,0.8545,2.0,0.7083333333333333
rajaganesan.siva,0.0,0.0,0.0,0.0,2.0,0.0,0.0,2.0,0.752,2.0,0.7133333333333333
rajagopal,0.0,1.0,3.0,1.0,0.0,0.0,0.0,0.0,0.8266,5.0,0.712
rajagopalan.ponnusamy,0.0,0.0,0.0,1.0,0.0,0.0,0.0,0.0,0.7224,1.0,0.7066666666666667
rajanrk,0.0,2.0,0.0,2.0,0.0,0.0,0.0,0.0,0.7636,4.0,0.7133333333333333
rajasekaran.mohanakrishnan,0.0,0.0,2.0,0.0,0.0,0.0,0.0,0.0,0.7494,2.0,0.7133333333333333
rajasekarp,0.0,0.0,0.0,0.0,1.0,2.0,0.0,3.0,0.7751,3.0,0.7127777777777777
rajendrakumar.dalai,0.0,0.0,0.0,0.0,0.0,1.0,0.0,1.0,0.7894,1.0,0.7066666666666667
rajendran.rangaraju,0.0,1.0,0.0,0.0,0.0,0.0,0.0,0.0,0.8412,1.0,0.7066666666666667
rajeshwari.gopal,0.0,1.0,0.0,0.0,0.0,0.0,0.0,0.0,0.8615,1.0,0.7066666666666667
rajiv.saxena,0.0,3.0,0.0,0.0,0.0,0.0,0.0,0.0,0.8123,3.0,0.72
rajivgandhi.venugopal,0.0,0.0,1.0,1.0,0.0,0.0,0.0,0.0,0.827,2.0,0.7066666666666667
rajkumar.arumugam,0.0,0.0,0.0,0.0,4.0,1.0,0.0,5.0,0.8063,5.0,0.72
rajneesh.pathak,0.0,0.0,0.0,0.0,1.0,0.0,0.0,1.0,0.7402,1.0,0.7066666666666667
rakesh.sharma,0.0,0.0,1.0,0.0,0.0,0.0,0.0,0.0,0.796,1.0,0.7066666666666667
ramanathan.jayakumar,0.0,0.0,6.0,0.0,0.0,1.0,0.0,1.0,0.8283,7.0,0.7251851851851852
ramaraj.govindaraj,0.0,0.0,3.0,0.0,0.0,0.0,0.0,0.0,0.7587,3.0,0.72
ramasubramania.raja,0.0,0.0,1.0,0.0,0.0,0.0,0.0,0.0,0.84,1.0,0.7066666666666667
ramathilak,0.0,0.0,1.0,2.0,0.0,0.0,0.0,0.0,0.7498,3.0,0.7094117647058823
ramesh.desingh,0.0,0.0,2.0,0.0,0.0,0.0,0.0,0.0,0.7597,2.0,0.7133333333333333
ramkumar.ramasamy,0.0,2.0,0.0,1.0,0.0,0.0,0.0,0.0,0.7992,3.0,0.7102222222222222
ramkumar.somasundaram,0.0,1.0,5.0,0.0,0.0,0.0,0.0,0.0,0.8058,6.0,0.7214814814814814
ranjithkumar.nagaraj,0.0,0.0,0.0,0.0,0.0,1.0,0.0,1.0,0.8272,1.0,0.7066666666666667
rathinaraja.ayyamperumal,1.0,0.0,0.0,0.0,0.0,0.0,0.0,0.0,0.748,1.0,0.7066666666666667
ravi.balasubramaniam,0.0,1.0,0.0,0.0,0.0,0.0,0.0,0.0,0.8412,1.0,0.7066666666666667
ravi.pappuswamy,0.0,0.0,0.0,0.0,1.0,0.0,0.0,1.0,0.7971,1.0,0.7066666666666667
ravikumar.rathinavelu,0.0,0.0,2.0,0.0,0.0,0.0,0.0,0.0,0.8149,2.0,0.7133333333333333
rekha.jayachandran,0.0,0.0,0.0,0.0,1.0,0.0,0.0,1.0,0.858,1.0,0.7066666666666667
rodrigo.nunes,0.0,1.0,1.0,0.0,0.0,0.0,0.0,0.0,0.7354,2.0,0.7066666666666667
rubel.kristy,0.0,0.0,0.0,0.0,2.0,0.0,0.0,2.0,0.7538,2.0,0.7133333333333333
sachin.tyagi,0.0,0.0,0.0,1.0,0.0,0.0,0.0,0.0,0.816,1.0,0.7066666666666667
sadham.jahir,0.0,0.0,1.0,0.0,0.0,0.0,0.0,0.0,0.7561,1.0,0.7066666666666667
sagar.chaudhari,0.0,0.0,0.0,0.0,2.0,0.0,0.0,2.0,0.8536,2.0,0.7133333333333333
sagar.praburaj,0.0,0.0,0.0,0.0,1.0,0.0,0.0,1.0,0.8247,1.0,0.7066666666666667
sajitha.rajendran,0.0,0.0,0.0,0.0,1.0,0.0,0.0,1.0,0.7677,1.0,0.7066666666666667
sakthivel.venkatachalam,0.0,0.0,2.0,0.0,0.0,0.0,0.0,0.0,0.7905,2.0,0.7133333333333333
sale,0.0,0.0,1.0,1.0,0.0,0.0,0.0,0.0,0.7963,2.0,0.7066666666666667
saleemrajaa,0.0,1.0,0.0,0.0,0.0,0.0,0.0,0.0,0.748,1.0,0.7066666666666667
sales,0.0,0.0,1.0,1.0,0.0,0.0,0.0,0.0,0.8627,2.0,0.7066666666666667
salescoordinator,0.0,1.0,1.0,0.0,0.0,0.0,0.0,0.0,0.8298,2.0,0.7066666666666667
sampat.gunjawate,0.0,0.0,1.0,0.0,4.0,1.0,0.0,5.0,0.8274,6.0,0.7139393939393939
sampathkumar.g,0.0,0.0,1.0,0.0,0.0,0.0,0.0,0.0,0.786,1.0,0.7066666666666667
sampathkumar.ganesan,0.0,0.0,1.0,0.0,0.0,0.0,0.0,0.0,0.8218,1.0,0.7066666666666667
sampathkumar.natarajan,0.0,1.0,0.0,0.0,0.0,0.0,0.0,0.0,0.7282,1.0,0.7066666666666667
sampathv,0.0,0.0,1.0,0.0,0.0,0.0,0.0,0.0,0.8268,1.0,0.7066666666666667
sanat,0.0,0.0,1.0,0.0,0.0,0.0,0.0,0.0,0.7364,1.0,0.7066666666666667
sandeep,0.0,0.0,3.0,0.0,0.0,0.0,0.0,0.0,0.7366,3.0,0.72
sandeep.joshi,0.0,0.0,1.0,0.0,0.0,0.0,0.0,0.0,0.7574,1.0,0.7066666666666667
sangram.jadhav,0.0,0.0,1.0,0.0,0.0,0.0,0.0,0.0,0.8593,1.0,0.7066666666666667
sanjay.nadkar,0.0,0.0,0.0,0.0,1.0,0.0,0.0,1.0,0.7937,1.0,0.7066666666666667
sanjeev.kumar,0.0,0.0,1.0,0.0,0.0,0.0,0.0,0.0,0.8082,1.0,0.7066666666666667
sanjeevgaur,0.0,0.0,1.0,0.0,0.0,0.0,0.0,0.0,0.8456,1.0,0.7066666666666667
sanmugavel.ramasamy,0.0,0.0,0.0,0.0,2.0,0.0,0.0,2.0,0.8674,2.0,0.7133333333333333
santhanam.ponraj,0.0,0.0,0.0,0.0,0.0,2.0,0.0,2.0,0.7606,2.0,0.7133333333333333
santhosh.venkatesan,0.0,0.0,1.0,0.0,5.0,0.0,0.0,5.0,0.8349,6.0,0.7176470588235294
santhoshkumar.thiyagarajan,0.0,0.0,1.0,0.0,2.0,0.0,0.0,2.0,0.792,3.0,0.7094117647058823
saran.karthi,0.0,2.0,0.0,0.0,0.0,0.0,0.0,0.0,0.7375,2.0,0.7133333333333333
saravanaa.ramasamy,0.0,0.0,1.0,0.0,0.0,0.0,0.0,0.0,0.7229,1.0,0.7066666666666667
saravanakumar.ranganathan,0.0,0.0,2.0,0.0,0.0,0.0,0.0,0.0,0.8495,2.0,0.7133333333333333
saravanan.devaraj,0.0,0.0,2.0,0.0,0.0,0.0,0.0,0.0,0.8164,2.0,0.7133333333333333
saravanan.mohan,0.0,1.0,0.0,0.0,1.0,0.0,0.0,1.0,0.803,2.0,0.7066666666666667
sarfaraj.ahamad,0.0,0.0,1.0,0.0,0.0,0.0,0.0,0.0,0.8425,1.0,0.7066666666666667
sasivarathan.venkatapathy,0.0,0.0,0.0,0.0,3.0,1.0,0.0,4.0,0.8279,4.0,0.716111111111111
satheesh.palanisamy,0.0,0.0,1.0,0.0,1.0,0.0,0.0,1.0,0.7659,2.0,0.7066666666666667
sathishkumar.balasundram,0.0,0.0,0.0,0.0,0.0,2.0,0.0,2.0,0.8088,2.0,0.7133333333333333
sathiyanarayanan.muthukrishnan,0.0,0.0,1.0,0.0,0.0,0.0,0.0,0.0,0.7598,1.0,0.7066666666666667
sathyamoorthy.packirisamy,0.0,0.0,0.0,0.0,1.0,1.0,0.0,2.0,0.8173,2.0,0.7083333333333333
sathyamurthy.nallathambi,0.0,0.0,0.0,0.0,0.0,1.0,0.0,1.0,0.7698,1.0,0.7066666666666667
sathyase,2.0,0.0,1.0,0.0,0.0,0.0,0.0,0.0,0.7151,3.0,0.7098245614035087
sathyaseelan.duraisamy,0.0,0.0,2.0,0.0,0.0,0.0,0.0,0.0,0.8136,2.0,0.7133333333333333
sathyaseeland,0.0,1.0,0.0,0.0,0.0,0.0,0.0,0.0,0.8629,1.0,0.7066666666666667
satishkumar.nanjundan,0.0,0.0,1.0,0.0,0.0,0.0,0.0,0.0,0.7995,1.0,0.7066666666666667
satishkumar.rangasamy,0.0,2.0,0.0,0.0,0.0,0.0,0.0,0.0,0.8244,2.0,0.7133333333333333
selma,0.0,0.0,1.0,1.0,0.0,0.0,0.0,0.0,0.717,2.0,0.7066666666666667
selvakumar.murugan,0.0,0.0,0.0,0.0,3.0,0.0,0.0,3.0,0.7815,3.0,0.72
selvakumar.sellamuthu,0.0,0.0,0.0,0.0,0.0,1.0,0.0,1.0,0.8017,1.0,0.7066666666666667
selvarajk,1.0,0.0,1.0,2.0,0.0,0.0,0.0,0.0,0.7864,4.0,0.7084615384615384
senthilbd,0.0,0.0,0.0,0.0,1.0,1.0,0.0,2.0,0.7517,2.0,0.7083333333333333
senthilkumar.shunmugasundaram,0.0,0.0,0.0,0.0,1.0,0.0,0.0,1.0,0.8444,1.0,0.7066666666666667
senthilkumarbd,0.0,0.0,0.0,0.0,5.0,1.0,0.0,6.0,0.7223,6.0,0.7238888888888888
senthilmurugank,0.0,0.0,1.0,0.0,0.0,0.0,0.0,0.0,0.8347,1.0,0.7066666666666667
senthilnathan.pachamuthu,0.0,0.0,1.0,0.0,2.0,2.0,0.0,4.0,0.8278,5.0,0.712121212121212
senthilrpde,0.0,0.0,1.0,0.0,1.0,1.0,0.0,2.0,0.7646,3.0,0.7075757575757575
seshadri,0.0,0.0,0.0,0.0,2.0,1.0,0.0,3.0,0.8721,3.0,0.7122222222222222
shaikh.alauddin,0.0,0.0,0.0,0.0,1.0,0.0,0.0,1.0,0.7618,1.0,0.7066666666666667
shailendrajha,0.0,0.0,2.0,0.0,0.0,0.0,0.0,0.0,0.7377,2.0,0.7133333333333333
sheikshabjan.janbasha,0.0,0.0,0.0,0.0,1.0,0.0,0.0,1.0,0.7783,1.0,0.7066666666666667
shivrajtupe,0.0,0.0,1.0,0.0,0.0,0.0,0.0,0.0,0.8171,1.0,0.7066666666666667
shripad.kalamdane,0.0,1.0,0.0,0.0,0.0,0.0,0.0,0.0,0.8609,1.0,0.7066666666666667
shyamsundar.b,0.0,0.0,1.0,1.0,0.0,0.0,0.0,0.0,0.7481,2.0,0.7066666666666667
siddharth.manoharan,0.0,3.0,0.0,0.0,0.0,0.0,0.0,0.0,0.8143,3.0,0.72
sivakumar.viswanathan,0.0,0.0,2.0,0.0,0.0,0.0,0.0,0.0,0.8403,2.0,0.7133333333333333
sivasakthi.murugesan,0.0,0.0,4.0,0.0,1.0,0.0,0.0,1.0,0.8324,5.0,0.7184313725490196
sivasankarankv,0.0,0.0,0.0,1.0,0.0,0.0,0.0,0.0,0.7378,1.0,0.7066666666666667
sneha.devan,0.0,0.0,3.0,0.0,0.0,0.0,0.0,0.0,0.7805,3.0,0.72
snehasish.tripathy,0.0,0.0,1.0,0.0,0.0,0.0,0.0,0.0,0.7385,1.0,0.7066666666666667
somasundaramn,0.0,1.0,1.0,2.0,0.0,0.0,0.0,0.0,0.8631,4.0,0.7085333333333332
sougata.dey,0.0,0.0,2.0,0.0,0.0,0.0,0.0,0.0,0.7607,2.0,0.7133333333333333
soundappan.arumugam,0.0,0.0,1.0,0.0,0.0,0.0,0.0,0.0,0.7692,1.0,0.7066666666666667
spiceworks,0.0,0.0,0.0,0.0,3.0,3.0,0.0,6.0,0.8496,6.0,0.725
spindlemanufacturingshop,0.0,0.0,1.0,0.0,0.0,0.0,0.0,0.0,0.7825,1.0,0.7066666666666667
sridevip,0.0,0.0,2.0,0.0,0.0,0.0,0.0,0.0,0.8479,2.0,0.7133333333333333
sridharj,2.0,0.0,0.0,0.0,0.0,0.0,0.0,0.0,0.8177,2.0,0.7133333333333333
srikanth.ramabadran,0.0,0.0,1.0,0.0,1.0,0.0,0.0,1.0,0.854,2.0,0.7066666666666667
srikanth.veerappan,0.0,0.0,1.0,0.0,0.0,0.0,0.0,0.0,0.7182,1.0,0.7066666666666667
srinivasan.raghavan,0.0,0.0,2.0,0.0,0.0,0.0,0.0,0.0,0.7249,2.0,0.7133333333333333
srinivasan.sampath,0.0,0.0,2.0,0.0,0.0,0.0,0.0,0.0,0.818,2.0,0.7133333333333333
sriram.boopathy,0.0,0.0,1.0,0.0,0.0,0.0,0.0,0.0,0.8386,1.0,0.7066666666666667
sriram.gopalakrishnan,0.0,0.0,1.0,1.0,0.0,0.0,0.0,0.0,0.8526,2.0,0.7066666666666667
sriram.rajagopalan,0.0,0.0,2.0,2.0,0.0,0.0,0.0,0.0,0.8582,4.0,0.7133333333333333
subbu,0.0,2.0,0.0,0.0,0.0,0.0,0.0,0.0,0.755,2.0,0.7133333333333333
subhash.chikane,0.0,1.0,0.0,0.0,0.0,0.0,0.0,0.0,0.7443,1.0,0.7066666666666667
subramani.rajkumar,0.0,0.0,2.0,0.0,0.0,0.0,0.0,0.0,0.8203,2.0,0.7133333333333333
sudarshan.sridhar,0.0,1.0,0.0,2.0,1.0,0.0,0.0,1.0,0.7958,4.0,0.7087878787878787
sudhakars,0.0,0.0,1.0,0.0,0.0,0.0,0.0,0.0,0.8564,1.0,0.7066666666666667
sudheer.menon,0.0,0.0,0.0,0.0,2.0,0.0,0.0,2.0,0.7624,2.0,0.7133333333333333
sudheer.menon,0.0,0.0,0.0,0.0,2.0,0.0,0.0,2.0,0.8593,2.0,0.7133333333333333
sugumar.vijayakumar,0.0,0.0,1.0,0.0,0.0,0.0,0.0,0.0,0.781,1.0,0.7066666666666667
sugumaran.jayabalan,0.0,0.0,0.0,0.0,2.0,6.0,0.0,8.0,0.7477,8.0,0.7344444444444445
sugunaj,0.0,0.0,1.0,1.0,0.0,0.0,0.0,0.0,0.8102,2.0,0.7066666666666667
sujit.wagh,0.0,0.0,0.0,0.0,1.0,0.0,0.0,1.0,0.7477,1.0,0.7066666666666667
sumit.gangwar,0.0,0.0,0.0,0.0,1.0,0.0,0.0,1.0,0.8256,1.0,0.7066666666666667
sundar.selvaraj,0.0,0.0,1.0,0.0,0.0,0.0,0.0,0.0,0.7598,1.0,0.7066666666666667
sundaresan.puranam,0.0,0.0,1.0,0.0,0.0,0.0,0.0,0.0,0.8054,1.0,0.7066666666666667
support,0.0,1.0,1.0,0.0,0.0,0.0,0.0,0.0,0.7694,2.0,0.7066666666666667
support,0.0,0.0,1.0,1.0,0.0,0.0,0.0,0.0,0.7694,2.0,0.7066666666666667
suresh.adhikari,0.0,3.0,0.0,0.0,0.0,0.0,0.0,0.0,0.7154,3.0,0.72
suresh.mariappan,0.0,1.0,2.0,0.0,0.0,0.0,0.0,0.0,0.8117,3.0,0.7103703703703703
suresh.rajendran,0.0,0.0,1.0,0.0,0.0,0.0,0.0,0.0,0.7331,1.0,0.7066666666666667
suresh.subramani,0.0,0.0,9.0,1.0,0.0,0.0,0.0,0.0,0.7934,10.0,0.7380392156862745
sureshkumar.rangasamy,0.0,0.0,1.0,0.0,0.0,0.0,0.0,0.0,0.8057,1.0,0.7066666666666667
sureshkumars,0.0,0.0,3.0,0.0,0.0,0.0,0.0,0.0,0.8339,3.0,0.72
sureshp,1.0,15.0,75.0,20.0,0.0,0.0,0.0,0.0,0.8287,111.0,0.8998039215686274
suresht,0.0,0.0,1.0,0.0,1.0,0.0,0.0,1.0,0.7771,2.0,0.7066666666666667
suriyakumar.munisamy,0.0,0.0,1.0,0.0,0.0,0.0,0.0,0.0,0.7687,1.0,0.7066666666666667
suryakant.dash,0.0,1.0,0.0,0.0,0.0,0.0,0.0,0.0,0.8212,1.0,0.7066666666666667
sv_plastics,0.0,1.0,0.0,0.0,0.0,0.0,0.0,0.0,0.0,1.0,0.7066666666666667
syedibrahim.haneefa,0.0,0.0,0.0,0.0,1.0,0.0,0.0,1.0,0.7979,1.0,0.7066666666666667
t-kawaguchi,0.0,0.0,1.0,0.0,0.0,0.0,0.0,0.0,0.8293,1.0,0.7066666666666667
tarun,0.0,0.0,2.0,0.0,0.0,0.0,0.0,0.0,0.7559,2.0,0.7133333333333333
tejas.chavan,0.0,0.0,0.0,0.0,1.0,0.0,0.0,1.0,0.72,1.0,0.7066666666666667
tejpalsaini,0.0,0.0,2.0,0.0,0.0,0.0,0.0,0.0,0.7241,2.0,0.7133333333333333
thamizhanban,1.0,3.0,0.0,4.0,0.0,0.0,0.0,0.0,0.8522,8.0,0.7169444444444444
thangapandian.pandian,0.0,0.0,1.0,0.0,0.0,0.0,0.0,0.0,0.8461,1.0,0.7066666666666667
thangaraj.nataraj,0.0,0.0,0.0,0.0,2.0,1.0,0.0,3.0,0.8247,3.0,0.7122222222222222
thirunavukkarasu.periyasamy,0.0,0.0,1.0,0.0,0.0,0.0,0.0,0.0,0.7535,1.0,0.7066666666666667
travel.support,2.0,0.0,0.0,0.0,0.0,0.0,0.0,0.0,0.8076,2.0,0.7133333333333333
tvs_bd,2.0,0.0,0.0,2.0,1.0,0.0,0.0,1.0,0.7813,5.0,0.7113043478260869
udhay,5.0,0.0,0.0,0.0,0.0,0.0,0.0,0.0,0.7976,5.0,0.7333333333333333
uma.aruchamy,0.0,0.0,0.0,0.0,1.0,0.0,0.0,1.0,0.746,1.0,0.7066666666666667
vairamanikandan.ponniah,0.0,0.0,0.0,2.0,0.0,0.0,0.0,0.0,0.845,2.0,0.7133333333333333
vanithamohan,2.0,1.0,2.0,2.0,0.0,0.0,0.0,0.0,0.7643,7.0,0.7117647058823529
varadharajans,2.0,0.0,0.0,0.0,0.0,0.0,0.0,0.0,0.8076,2.0,0.7133333333333333
vasantharaj.mani,0.0,0.0,0.0,0.0,1.0,0.0,0.0,1.0,0.734,1.0,0.7066666666666667
velusamytp,0.0,0.0,1.0,0.0,0.0,0.0,0.0,0.0,0.7782,1.0,0.7066666666666667
vendorsupport,0.0,0.0,2.0,0.0,0.0,0.0,0.0,0.0,0.7579,2.0,0.7133333333333333
venkidupathi.balakrishnan,0.0,1.0,0.0,0.0,0.0,0.0,0.0,0.0,0.8212,1.0,0.7066666666666667
vidhya.jegadeeswaran,0.0,0.0,0.0,0.0,1.0,0.0,0.0,1.0,0.7982,1.0,0.7066666666666667
vignesh.raj,0.0,0.0,0.0,0.0,3.0,2.0,0.0,5.0,0.8549,5.0,0.7205555555555555
vigneshbabu.kuppusamy,0.0,0.0,2.0,0.0,0.0,0.0,0.0,0.0,0.8066,2.0,0.7133333333333333
vigneshkumar.thanikasalam,0.0,2.0,4.0,0.0,0.0,0.0,0.0,0.0,0.7481,6.0,0.7207407407407407
vijay.desai,0.0,0.0,7.0,0.0,0.0,0.0,0.0,0.0,0.7706,7.0,0.7466666666666666
vijayakumar.subramanian,0.0,1.0,0.0,0.0,0.0,0.0,0.0,0.0,0.7164,1.0,0.7066666666666667
vikram,0.0,1.0,12.0,1.0,1.0,0.0,0.0,1.0,0.7951,15.0,0.7295833333333333
vikram,0.0,0.0,0.0,1.0,1.0,0.0,0.0,1.0,0.7951,2.0,0.7066666666666667
vikram.singh,0.0,0.0,0.0,0.0,5.0,0.0,0.0,5.0,0.8617,5.0,0.7333333333333333
vimala.bharathi,0.0,1.0,0.0,0.0,0.0,0.0,0.0,0.0,0.8494,1.0,0.7066666666666667
vinayakar.ponnaiah,0.0,0.0,2.0,0.0,0.0,0.0,0.0,0.0,0.8477,2.0,0.7133333333333333
vinod,0.0,0.0,0.0,1.0,0.0,0.0,0.0,0.0,0.7573,1.0,0.7066666666666667
vinod.vijayaraghavan,0.0,0.0,3.0,1.0,0.0,0.0,0.0,0.0,0.7825,4.0,0.7145098039215686
vinodkumar.rajendran,0.0,1.0,1.0,0.0,0.0,0.0,0.0,0.0,0.7936,2.0,0.7066666666666667
vinodkumars,0.0,0.0,0.0,1.0,0.0,0.0,0.0,0.0,0.7351,1.0,0.7066666666666667
vinodyadav,1.0,0.0,0.0,0.0,1.0,1.0,0.0,2.0,0.8276,3.0,0.7076190476190476
vishal.kumar,0.0,0.0,0.0,0.0,2.0,0.0,0.0,2.0,0.8076,2.0,0.7133333333333333
vishwapal.pawar,0.0,1.0,0.0,0.0,0.0,0.0,0.0,0.0,0.8212,1.0,0.7066666666666667
visveshvarenms,0.0,0.0,0.0,1.0,0.0,0.0,0.0,0.0,0.758,1.0,0.7066666666666667
vivek.sharma,0.0,0.0,1.0,1.0,0.0,0.0,0.0,0.0,0.8379,2.0,0.7066666666666667
vjmohan,1.0,1.0,1.0,0.0,0.0,0.0,0.0,0.0,0.7309,3.0,0.7066666666666667
vt.doraiarasu,0.0,1.0,0.0,0.0,0.0,0.0,0.0,0.0,0.8212,1.0,0.7066666666666667
yogeshchaughule,0.0,0.0,0.0,0.0,1.0,1.0,0.0,2.0,0.7932,2.0,0.7083333333333333
yogeshchaughule,0.0,0.0,0.0,0.0,1.0,1.0,0.0,2.0,0.8145,2.0,0.7083333333333333
yuvaraj.narayanaswamy,0.0,0.0,0.0,1.0,0.0,0.0,0.0,0.0,0.8575,1.0,0.7066666666666667
yuvaraj.rajendran,0.0,0.0,0.0,0.0,2.0,0.0,0.0,2.0,0.8142,2.0,0.7133333333333333
yuvaraja.kumar,0.0,0.0,1.0,0.0,0.0,0.0,0.0,0.0,0.7267,1.0,0.7066666666666667
yuvarajan.paneerselvam,0.0,0.0,0.0,0.0,1.0,0.0,0.0,1.0,0.7848,1.0,0.7066666666666667
